loss,mae,mse,accuracy,val_loss,val_mae,val_mse,val_accuracy,epoch
4.665682315826416,1.4325377941131592,4.665682315826416,0.31200000643730164,6.65431022644043,1.7503104209899902,6.65431022644043,0.314185231924057,0
4.871261119842529,1.4379903078079224,4.871261119842529,0.31585365533828735,6.964751243591309,1.8099286556243896,6.964750289916992,0.2731535732746124,1
4.660572052001953,1.4236364364624023,4.660572052001953,0.31910568475723267,6.609501361846924,1.7624448537826538,6.609500408172607,0.2872215807437897,2
4.950319766998291,1.4786978960037231,4.950319766998291,0.30934959650039673,7.202742576599121,1.7883496284484863,7.202742576599121,0.28487691283226013,3
4.906530857086182,1.4486953020095825,4.906530857086182,0.3142276406288147,7.288371562957764,1.8243958950042725,7.288371562957764,0.22860492765903473,4
5.084756851196289,1.4639097452163696,5.084756851196289,0.3008130192756653,6.5962395668029785,1.7813633680343628,6.5962395668029785,0.2532239258289337,5
4.752354145050049,1.4587109088897705,4.752354145050049,0.2930894196033478,6.521060943603516,1.6604697704315186,6.521060943603516,0.3259085714817047,6
4.913096904754639,1.4639326333999634,4.913096904754639,0.3016260266304016,7.391234397888184,1.8309533596038818,7.391234397888184,0.30832356214523315,7
4.630354404449463,1.4145021438598633,4.630354404449463,0.32723575830459595,6.593113899230957,1.6867427825927734,6.593113899230957,0.3317702114582062,8
4.676970958709717,1.446069359779358,4.676970958709717,0.3121951222419739,6.675826072692871,1.70321524143219,6.675826072692871,0.32356390357017517,9
4.651265621185303,1.4431028366088867,4.651265621185303,0.3016260266304016,6.6954779624938965,1.7035454511642456,6.6954779624938965,0.3223915696144104,10
4.877189636230469,1.4435210227966309,4.877189636230469,0.30325204133987427,6.502275466918945,1.7057855129241943,6.502275466918945,0.32121923565864563,11
4.765708923339844,1.4441698789596558,4.765708923339844,0.31260162591934204,6.804243087768555,1.694366455078125,6.804243087768555,0.32121923565864563,12
4.603728771209717,1.421057939529419,4.603728771209717,0.3016260266304016,6.372492790222168,1.655855417251587,6.372492790222168,0.3341148793697357,13
4.815861225128174,1.4433155059814453,4.815861225128174,0.2995935082435608,6.625243186950684,1.7213813066482544,6.625243663787842,0.32004690170288086,14
5.239650726318359,1.472954273223877,5.239650726318359,0.3109756112098694,6.898601055145264,1.8473979234695435,6.898601055145264,0.20046892762184143,15
4.55804443359375,1.4233037233352661,4.55804443359375,0.31016260385513306,6.53533411026001,1.6954519748687744,6.53533411026001,0.3270809054374695,16
4.4308929443359375,1.401223063468933,4.4308929443359375,0.3097561001777649,6.53456449508667,1.67257559299469,6.53456449508667,0.32356390357017517,17
5.030525207519531,1.4568891525268555,5.030525207519531,0.30325204133987427,6.735411643981934,1.7904844284057617,6.735411643981934,0.29191091656684875,18
4.515844345092773,1.4181405305862427,4.515844345092773,0.3016260266304016,7.067911148071289,1.932525873184204,7.067911148071289,0.2016412615776062,19
5.008843898773193,1.4766241312026978,5.008843898773193,0.3097561001777649,6.57264518737793,1.713433861732483,6.57264518737793,0.3270809054374695,20
4.582449436187744,1.4085938930511475,4.582449436187744,0.3065040707588196,6.854690074920654,1.7319942712783813,6.854690074920654,0.3259085714817047,21
5.1444807052612305,1.495700478553772,5.1444807052612305,0.3121951222419739,7.388766765594482,1.8488919734954834,7.388766765594482,0.20046892762184143,22
4.733592510223389,1.4499074220657349,4.733592510223389,0.3020325303077698,6.753437519073486,1.7221689224243164,6.753437519073486,0.3270809054374695,23
4.6836161613464355,1.441454529762268,4.6836161613464355,0.3077235817909241,6.462240219116211,1.6882925033569336,6.462240219116211,0.32473623752593994,24
4.7702412605285645,1.4658281803131104,4.7702412605285645,0.29796749353408813,7.947867393493652,1.869645357131958,7.947867393493652,0.30011722445487976,25
5.035526275634766,1.478333592414856,5.035526275634766,0.31439998745918274,6.666957855224609,1.690451741218567,6.666957855224609,0.3259085714817047,26
4.573360443115234,1.4080541133880615,4.573360443115234,0.3121951222419739,6.651477813720703,1.820913314819336,6.651477813720703,0.21219226717948914,27
4.952640056610107,1.4744834899902344,4.952640056610107,0.29024389386177063,7.019268989562988,1.7195402383804321,7.019268989562988,0.3270809054374695,28
4.611274719238281,1.4174407720565796,4.611274719238281,0.31341463327407837,6.951569557189941,1.7673161029815674,6.951570987701416,0.3259085714817047,29
4.7109503746032715,1.4328413009643555,4.7109503746032715,0.3065040707588196,7.06627893447876,1.748898983001709,7.06627893447876,0.29660022258758545,30
4.982028007507324,1.4716460704803467,4.982028007507324,0.3085365891456604,6.72009801864624,1.8112869262695312,6.72009801864624,0.2180539220571518,31
4.946117401123047,1.4771876335144043,4.946117401123047,0.2918699085712433,6.859984397888184,1.7315219640731812,6.859984397888184,0.32825320959091187,32
4.578386306762695,1.4235467910766602,4.578386306762695,0.32154470682144165,6.934872150421143,1.7705835103988647,6.934872150421143,0.32121923565864563,33
4.850788593292236,1.4771696329116821,4.850788593292236,0.29552844166755676,6.565040588378906,1.6911565065383911,6.565040588378906,0.32356390357017517,34
4.8868207931518555,1.446064829826355,4.8868207931518555,0.3073170781135559,7.023125171661377,1.872614860534668,7.023125171661377,0.20398592948913574,35
4.4818620681762695,1.4169331789016724,4.4818620681762695,0.30000001192092896,6.699744701385498,1.6965644359588623,6.699744701385498,0.3259085714817047,36
4.751461029052734,1.4552608728408813,4.751461029052734,0.2983739972114563,6.860884666442871,1.7643492221832275,6.860884666442871,0.3094958961009979,37
4.778700828552246,1.4352847337722778,4.778700828552246,0.32601624727249146,6.327790260314941,1.712404727935791,6.327790260314941,0.3094958961009979,38
4.661861896514893,1.4278446435928345,4.661861896514893,0.30691057443618774,6.609637260437012,1.6934876441955566,6.609637260437012,0.32473623752593994,39
4.498218059539795,1.4227979183197021,4.498218059539795,0.32032519578933716,6.712454795837402,1.6845924854278564,6.712455749511719,0.33294254541397095,40
5.146491527557373,1.4948779344558716,5.146491527557373,0.29024389386177063,7.075948715209961,1.7311241626739502,7.075948715209961,0.3317702114582062,41
4.51836633682251,1.404345154762268,4.51836633682251,0.3207316994667053,6.598378658294678,1.7078369855880737,6.598378658294678,0.32004690170288086,42
4.768640995025635,1.4463016986846924,4.768640995025635,0.3048780560493469,7.847607135772705,1.8712595701217651,7.847607135772705,0.32121923565864563,43
4.64805793762207,1.4544076919555664,4.64805793762207,0.30894309282302856,6.620914936065674,1.755036473274231,6.620914936065674,0.26025789976119995,44
4.744833946228027,1.4402308464050293,4.744833946228027,0.3105691075325012,7.009285926818848,1.7242811918258667,7.009286403656006,0.32356390357017517,45
4.727321147918701,1.4097317457199097,4.727321147918701,0.3097561001777649,6.592921257019043,1.686023235321045,6.592921257019043,0.32356390357017517,46
5.001302242279053,1.4543366432189941,5.001302242279053,0.31260162591934204,6.684690952301025,1.6927739381790161,6.684690952301025,0.3259085714817047,47
4.978978157043457,1.4367163181304932,4.978978157043457,0.31951218843460083,6.536375045776367,1.7236734628677368,6.536375045776367,0.3177022337913513,48
4.562413215637207,1.4273524284362793,4.562413215637207,0.3016260266304016,6.843596935272217,1.8665441274642944,6.843596935272217,0.21570925414562225,49
4.746995449066162,1.4467449188232422,4.746995449066162,0.3097561001777649,6.856647491455078,1.7092790603637695,6.856647491455078,0.32825320959091187,50
4.861246585845947,1.4591529369354248,4.861246585845947,0.3117886185646057,7.035546779632568,1.811961054801941,7.035546779632568,0.32004690170288086,51
4.545881271362305,1.428958773612976,4.545881271362305,0.31360000371932983,6.997299671173096,1.8198884725570679,6.997299671173096,0.20046892762184143,52
5.062703609466553,1.4929274320602417,5.062703609466553,0.29227641224861145,6.8833465576171875,1.7337546348571777,6.8833465576171875,0.32473623752593994,53
4.672549247741699,1.4597258567810059,4.672549247741699,0.29756098985671997,8.322571754455566,1.8676906824111938,8.322571754455566,0.2743259072303772,54
4.700058460235596,1.4260375499725342,4.700058460235596,0.31747967004776,6.693085193634033,1.7035987377166748,6.693085193634033,0.32004690170288086,55
5.072195529937744,1.4793919324874878,5.072195529937744,0.30325204133987427,6.624358654022217,1.687605381011963,6.624358654022217,0.3305978775024414,56
4.619493007659912,1.4306726455688477,4.619492530822754,0.31016260385513306,6.851491451263428,1.7193818092346191,6.851491451263428,0.3270809054374695,57
4.884859561920166,1.459876537322998,4.884859561920166,0.31260162591934204,6.934353351593018,1.7552822828292847,6.934353351593018,0.24267292022705078,58
4.634600639343262,1.459165096282959,4.634600639343262,0.28902438282966614,6.991070747375488,1.706785798072815,6.99107027053833,0.3188745677471161,59
4.763672828674316,1.417210340499878,4.763672828674316,0.3048780560493469,6.750871658325195,1.753195881843567,6.750871658325195,0.3036342263221741,60
4.7949395179748535,1.4489648342132568,4.7949395179748535,0.3048780560493469,7.335038185119629,1.793491244316101,7.335038185119629,0.32356390357017517,61
4.847781658172607,1.4738550186157227,4.847781658172607,0.3097561001777649,7.326390743255615,1.7931407690048218,7.326390743255615,0.3223915696144104,62
4.7130584716796875,1.4714195728302002,4.7130584716796875,0.3016260266304016,6.55036735534668,1.697954773902893,6.55036735534668,0.3188745677471161,63
4.782506465911865,1.4326499700546265,4.782506465911865,0.3142276406288147,6.800475120544434,1.7087920904159546,6.800475120544434,0.3305978775024414,64
4.749147891998291,1.4295629262924194,4.749147891998291,0.2971544861793518,6.978484153747559,1.783557653427124,6.9784836769104,0.28839391469955444,65
4.849055767059326,1.4390051364898682,4.849055767059326,0.3154471516609192,7.199342250823975,1.7409083843231201,7.199342250823975,0.32473623752593994,66
4.820765972137451,1.4646828174591064,4.820765972137451,0.3004065155982971,7.012532711029053,1.7817680835723877,7.012532711029053,0.32004690170288086,67
4.7502827644348145,1.419525146484375,4.7502827644348145,0.3231707215309143,6.490872859954834,1.6826756000518799,6.490872859954834,0.31184056401252747,68
4.645700931549072,1.4441951513290405,4.645700931549072,0.3065040707588196,6.442310810089111,1.6944738626480103,6.442310810089111,0.314185231924057,69
4.468599319458008,1.4154796600341797,4.468599319458008,0.32276421785354614,8.273098945617676,1.8244186639785767,8.273098945617676,0.26025789976119995,70
5.156493186950684,1.4816241264343262,5.156493186950684,0.30447155237197876,7.500931262969971,1.773484706878662,7.500931262969971,0.32356390357017517,71
4.731158256530762,1.4210898876190186,4.731158256530762,0.30894309282302856,7.2980732917785645,1.7462044954299927,7.2980732917785645,0.3270809054374695,72
5.020359516143799,1.4644527435302734,5.020359516143799,0.31382113695144653,6.619146347045898,1.6664918661117554,6.619146347045898,0.33294254541397095,73
4.394063472747803,1.4141106605529785,4.394063472747803,0.30365854501724243,6.810635566711426,1.7328295707702637,6.810636043548584,0.32356390357017517,74
5.104734897613525,1.512744426727295,5.104734897613525,0.30325204133987427,6.917389392852783,1.7796859741210938,6.917389392852783,0.31301289796829224,75
4.924131393432617,1.4888569116592407,4.924131870269775,0.31138211488723755,6.884840488433838,1.7896108627319336,6.884840488433838,0.23329424858093262,76
4.785201549530029,1.4324860572814941,4.785201549530029,0.3065040707588196,7.564888954162598,1.8324576616287231,7.564888954162598,0.2895662486553192,77
4.93187141418457,1.4657142162322998,4.93187141418457,0.2939999997615814,7.318317413330078,1.7539485692977905,7.3183183670043945,0.3153575658798218,78
4.559272766113281,1.4227350950241089,4.559272766113281,0.315040647983551,6.666043758392334,1.7584123611450195,6.666043758392334,0.29191091656684875,79
4.76533317565918,1.4410539865493774,4.76533317565918,0.30365854501724243,7.061734199523926,1.747231125831604,7.061734199523926,0.2930832505226135,80
4.883598804473877,1.4686825275421143,4.883598804473877,0.3178861737251282,7.377869606018066,1.8445100784301758,7.377869606018066,0.3270809054374695,81
4.7449727058410645,1.4567781686782837,4.7449727058410645,0.29105690121650696,8.594533920288086,1.8282965421676636,8.594533920288086,0.32356390357017517,82
5.028294563293457,1.4505914449691772,5.028294563293457,0.31138211488723755,6.907362937927246,1.7901661396026611,6.907362937927246,0.2860492467880249,83
4.843950271606445,1.4665791988372803,4.843950271606445,0.30934959650039673,7.000647068023682,1.8862947225570679,7.000647068023682,0.20046892762184143,84
4.930531978607178,1.461986780166626,4.930531978607178,0.3109756112098694,7.038813591003418,1.7079678773880005,7.038813591003418,0.32473623752593994,85
4.730764865875244,1.4609323740005493,4.730764865875244,0.31829267740249634,6.743218421936035,1.7691570520401,6.743218421936035,0.29191091656684875,86
4.522512435913086,1.4054651260375977,4.522512435913086,0.3052845597267151,6.632840156555176,1.6930317878723145,6.632839202880859,0.3259085714817047,87
4.741837978363037,1.4563417434692383,4.741837978363037,0.3020325303077698,7.50876522064209,1.7818431854248047,7.508765697479248,0.3270809054374695,88
5.071624755859375,1.4786083698272705,5.071624755859375,0.30000001192092896,7.713637828826904,1.776039481163025,7.713637828826904,0.3059788942337036,89
4.359428882598877,1.3586199283599854,4.359428882598877,0.3166666626930237,7.488239288330078,1.7466367483139038,7.488239288330078,0.32825320959091187,90
4.844475269317627,1.4643664360046387,4.844475269317627,0.30325204133987427,6.775888442993164,1.717571496963501,6.775888442993164,0.3270809054374695,91
4.770259857177734,1.4478466510772705,4.770259857177734,0.31260162591934204,7.256284713745117,1.8696151971817017,7.256284713745117,0.2778429090976715,92
4.6031928062438965,1.4278137683868408,4.6031928062438965,0.328861802816391,7.466956615447998,1.822216510772705,7.466956615447998,0.32356390357017517,93
4.596820831298828,1.434341311454773,4.596820831298828,0.3004065155982971,6.6726250648498535,1.708728551864624,6.6726250648498535,0.3305978775024414,94
4.839585781097412,1.4408782720565796,4.839585781097412,0.3162601590156555,7.130961894989014,1.7679319381713867,7.130961894989014,0.314185231924057,95
4.948887825012207,1.4592258930206299,4.948887825012207,0.30569106340408325,6.78948974609375,1.7426964044570923,6.78948974609375,0.31652989983558655,96
4.749868869781494,1.4735608100891113,4.749868869781494,0.30325204133987427,6.93334436416626,1.7618536949157715,6.93334436416626,0.3188745677471161,97
4.5586323738098145,1.4127559661865234,4.5586323738098145,0.2939024269580841,7.827115058898926,1.814727783203125,7.827115058898926,0.31184056401252747,98
4.653471946716309,1.427003264427185,4.653471946716309,0.3109756112098694,6.687770366668701,1.6995177268981934,6.687770366668701,0.32473623752593994,99
4.792544841766357,1.451560378074646,4.792544841766357,0.30243903398513794,7.043981552124023,1.7354344129562378,7.043981552124023,0.3259085714817047,100
4.781469345092773,1.4534624814987183,4.781469821929932,0.30894309282302856,7.101964950561523,1.752566933631897,7.101964950561523,0.3223915696144104,101
4.638168811798096,1.4154707193374634,4.638168811798096,0.30121952295303345,6.8450493812561035,1.7055375576019287,6.8450493812561035,0.31652989983558655,102
4.649133205413818,1.4336717128753662,4.649133205413818,0.3105691075325012,6.774100303649902,1.7205132246017456,6.774100303649902,0.3177022337913513,103
4.6763434410095215,1.4294946193695068,4.67634391784668,0.31520000100135803,6.991270542144775,1.7954823970794678,6.991270542144775,0.3094958961009979,104
4.954939842224121,1.4524480104446411,4.954939842224121,0.3142276406288147,6.625734329223633,1.7046782970428467,6.625734329223633,0.32825320959091187,105
4.625150680541992,1.4362844228744507,4.625150680541992,0.3109756112098694,7.012009143829346,1.8501200675964355,7.012009620666504,0.20046892762184143,106
4.761415004730225,1.4351602792739868,4.761415004730225,0.3004065155982971,6.996718406677246,1.859614372253418,6.996718406677246,0.20046892762184143,107
4.7766337394714355,1.4652169942855835,4.7766337394714355,0.31341463327407837,7.191197872161865,1.8232510089874268,7.191197872161865,0.20633059740066528,108
4.532718658447266,1.4039355516433716,4.532718658447266,0.3154471516609192,7.519359588623047,1.8277071714401245,7.519359588623047,0.3270809054374695,109
5.143372058868408,1.5022491216659546,5.143372058868408,0.2959349453449249,6.682962894439697,1.7016276121139526,6.682962894439697,0.32825320959091187,110
4.651418685913086,1.422450065612793,4.651418685913086,0.3060975670814514,8.398045539855957,1.820225477218628,8.398045539855957,0.3259085714817047,111
4.524308681488037,1.4214593172073364,4.524308681488037,0.3264227509498596,7.973924160003662,1.8481374979019165,7.973924160003662,0.31652989983558655,112
4.961723327636719,1.465282678604126,4.961723327636719,0.3028455376625061,7.193940162658691,1.7815382480621338,7.193940162658691,0.3270809054374695,113
5.143414497375488,1.4476258754730225,5.143414497375488,0.31341463327407837,7.176550388336182,1.8086222410202026,7.176550388336182,0.32121923565864563,114
4.647285461425781,1.4525707960128784,4.647285461425781,0.3264227509498596,6.997607231140137,1.7623540163040161,6.997607231140137,0.32825320959091187,115
4.81425666809082,1.444152593612671,4.81425666809082,0.3085365891456604,6.8741583824157715,1.8316892385482788,6.8741583824157715,0.23915591835975647,116
4.611566066741943,1.4227733612060547,4.611566066741943,0.3052845597267151,6.807185173034668,1.7768009901046753,6.807185173034668,0.30832356214523315,117
5.180932998657227,1.5027445554733276,5.180932998657227,0.3073170781135559,6.845645904541016,1.735224962234497,6.845645904541016,0.3223915696144104,118
4.783659934997559,1.4424216747283936,4.783659934997559,0.3219512104988098,7.049883842468262,1.7683329582214355,7.049883842468262,0.3223915696144104,119
4.767814636230469,1.4390007257461548,4.767814636230469,0.31707316637039185,8.65047836303711,1.8869013786315918,8.65047836303711,0.3036342263221741,120
5.05715274810791,1.4886548519134521,5.05715274810791,0.29674795269966125,6.8079705238342285,1.6982536315917969,6.8079705238342285,0.32825320959091187,121
4.435502529144287,1.402138590812683,4.435502529144287,0.2926829159259796,6.7517924308776855,1.7233628034591675,6.7517924308776855,0.3270809054374695,122
4.765316009521484,1.4572619199752808,4.765316009521484,0.3097561001777649,7.5019121170043945,1.7726517915725708,7.5019121170043945,0.33294254541397095,123
4.750177383422852,1.4469026327133179,4.750177383422852,0.30894309282302856,6.736842632293701,1.7500593662261963,6.736842632293701,0.3188745677471161,124
4.8169846534729,1.443386435508728,4.8169846534729,0.3028455376625061,6.592990875244141,1.6870194673538208,6.592990875244141,0.3259085714817047,125
4.775453090667725,1.4246060848236084,4.775453090667725,0.31260162591934204,6.894437789916992,1.7254410982131958,6.894437789916992,0.32004690170288086,126
4.578273296356201,1.4233520030975342,4.578273773193359,0.30569106340408325,6.8753342628479,1.721971035003662,6.8753342628479,0.3317702114582062,127
4.7386698722839355,1.4536360502243042,4.7386698722839355,0.31341463327407837,7.4942545890808105,1.8391679525375366,7.4942545890808105,0.290738582611084,128
4.891804218292236,1.4550920724868774,4.891804218292236,0.2995935082435608,6.820206642150879,1.7322193384170532,6.820206642150879,0.3188745677471161,129
4.55179500579834,1.4158960580825806,4.55179500579834,0.31279999017715454,8.043380737304688,1.9215846061706543,8.043380737304688,0.22391559183597565,130
4.65549898147583,1.444067358970642,4.65549898147583,0.3105691075325012,6.961391925811768,1.8237313032150269,6.961391448974609,0.20046892762184143,131
4.930777072906494,1.432770013809204,4.930777072906494,0.31585365533828735,6.95038366317749,1.9109984636306763,6.95038366317749,0.20046892762184143,132
4.541083335876465,1.4285517930984497,4.541083335876465,0.3008130192756653,6.981001853942871,1.7278176546096802,6.981001853942871,0.3317702114582062,133
4.901867866516113,1.4341694116592407,4.901867866516113,0.3154471516609192,6.918334484100342,1.8134543895721436,6.918334484100342,0.20046892762184143,134
4.857058048248291,1.4747562408447266,4.857058048248291,0.315040647983551,8.480047225952148,1.8216654062271118,8.480047225952148,0.33294254541397095,135
4.630422115325928,1.4418373107910156,4.630422115325928,0.30934959650039673,6.685863971710205,1.7467561960220337,6.685863971710205,0.3305978775024414,136
4.998633861541748,1.4665873050689697,4.998633861541748,0.3162601590156555,7.0422282218933105,1.9171371459960938,7.0422282218933105,0.20046892762184143,137
4.473592281341553,1.418575406074524,4.473592281341553,0.30894309282302856,6.751709461212158,1.6799111366271973,6.751709461212158,0.3259085714817047,138
4.769330978393555,1.444783329963684,4.769330978393555,0.29756098985671997,6.6705732345581055,1.673385500907898,6.670572757720947,0.3317702114582062,139
4.874362468719482,1.4582188129425049,4.874362468719482,0.32154470682144165,7.182032585144043,1.9025170803070068,7.182032585144043,0.20046892762184143,140
4.642473220825195,1.4476838111877441,4.642473220825195,0.30813008546829224,6.7378082275390625,1.7393056154251099,6.7378082275390625,0.3094958961009979,141
4.864959239959717,1.463335394859314,4.864959239959717,0.2951219379901886,7.455551624298096,1.8072682619094849,7.455551624298096,0.3059788942337036,142
4.590047359466553,1.4085463285446167,4.590047359466553,0.3268292546272278,6.830560684204102,1.8019918203353882,6.830560684204102,0.21688158810138702,143
4.794445514678955,1.458959937095642,4.794445514678955,0.30365854501724243,7.058868885040283,1.7351126670837402,7.058868885040283,0.3259085714817047,144
4.634397506713867,1.4097765684127808,4.634397506713867,0.29878050088882446,6.750001907348633,1.8204634189605713,6.750001907348633,0.2731535732746124,145
4.641068458557129,1.4417638778686523,4.641068458557129,0.3130081295967102,6.754306793212891,1.7360622882843018,6.754306793212891,0.3059788942337036,146
4.855876922607422,1.463895320892334,4.855876922607422,0.2995935082435608,6.653169631958008,1.6889897584915161,6.653169631958008,0.32942554354667664,147
4.657144546508789,1.4051159620285034,4.657144546508789,0.3085365891456604,7.301689624786377,1.7465567588806152,7.301689624786377,0.298944890499115,148
4.718484401702881,1.434262752532959,4.718484401702881,0.30447155237197876,6.7576422691345215,1.7351658344268799,6.7576422691345215,0.32121923565864563,149
4.748095512390137,1.4270671606063843,4.748095512390137,0.31707316637039185,6.669990539550781,1.6980767250061035,6.669990539550781,0.3223915696144104,150
4.757445335388184,1.4302672147750854,4.757445335388184,0.30894309282302856,6.782400608062744,1.712785243988037,6.782400608062744,0.3259085714817047,151
4.480509281158447,1.402510404586792,4.480509281158447,0.31951218843460083,7.0833330154418945,1.7226331233978271,7.0833330154418945,0.3270809054374695,152
4.523599147796631,1.391473412513733,4.523599147796631,0.31829267740249634,6.820521354675293,1.7292213439941406,6.820521354675293,0.32473623752593994,153
4.816972255706787,1.4443901777267456,4.816972255706787,0.3142276406288147,6.966433525085449,1.8669586181640625,6.966433525085449,0.2180539220571518,154
4.847994804382324,1.460538625717163,4.847994804382324,0.31138211488723755,7.0053253173828125,1.7913738489151,7.0053253173828125,0.290738582611084,155
4.6844048500061035,1.4414199590682983,4.6844048500061035,0.30959999561309814,6.834292888641357,1.7351150512695312,6.834292888641357,0.32356390357017517,156
4.740496635437012,1.415897011756897,4.740496635437012,0.3048780560493469,6.684702396392822,1.6941696405410767,6.684702396392822,0.32825320959091187,157
4.606240272521973,1.4284790754318237,4.606240272521973,0.3130081295967102,6.92356014251709,1.7463620901107788,6.92356014251709,0.32473623752593994,158
4.644285678863525,1.3876992464065552,4.644285678863525,0.3207316994667053,7.603461742401123,1.8131417036056519,7.603461742401123,0.3188745677471161,159
4.707455158233643,1.434387445449829,4.707455158233643,0.3186991810798645,6.67634391784668,1.809330940246582,6.67634391784668,0.20046892762184143,160
4.703287601470947,1.4204685688018799,4.703287601470947,0.3008130192756653,7.117002964019775,1.8198589086532593,7.117002964019775,0.2942555546760559,161
4.6458282470703125,1.429747462272644,4.6458282470703125,0.3028455376625061,7.492410659790039,1.8493621349334717,7.492410659790039,0.27549824118614197,162
4.599926948547363,1.4298887252807617,4.599926948547363,0.3060975670814514,7.065904140472412,1.8155063390731812,7.065904140472412,0.31652989983558655,163
4.731793403625488,1.4278236627578735,4.731793403625488,0.31463414430618286,6.796958923339844,1.7440762519836426,6.796958923339844,0.3259085714817047,164
4.651372909545898,1.4408092498779297,4.651372909545898,0.3065040707588196,6.863929271697998,1.7382704019546509,6.863929271697998,0.32004690170288086,165
4.650904655456543,1.4120291471481323,4.650904655456543,0.30813008546829224,6.803454399108887,1.79004967212677,6.803454399108887,0.2860492467880249,166
4.524287700653076,1.415069580078125,4.524287700653076,0.31260162591934204,6.7560648918151855,1.7011405229568481,6.7560648918151855,0.3259085714817047,167
4.8302693367004395,1.4270079135894775,4.8302693367004395,0.31951218843460083,6.607362270355225,1.6915321350097656,6.607362270355225,0.31652989983558655,168
4.585305690765381,1.439732551574707,4.585305690765381,0.2772357761859894,7.525073051452637,1.800788164138794,7.525073528289795,0.3223915696144104,169
5.039977073669434,1.4553605318069458,5.039977550506592,0.3219512104988098,6.799726963043213,1.7209157943725586,6.799726963043213,0.3270809054374695,170
4.878637790679932,1.4245061874389648,4.878637313842773,0.30894309282302856,7.092723846435547,1.7361042499542236,7.092723846435547,0.3259085714817047,171
4.326372146606445,1.3943240642547607,4.326372146606445,0.30447155237197876,7.11492919921875,1.736220121383667,7.114928722381592,0.32825320959091187,172
4.8595404624938965,1.460736632347107,4.8595404624938965,0.2971544861793518,6.963330268859863,1.7086495161056519,6.963330268859863,0.32942554354667664,173
4.194939613342285,1.367875337600708,4.194939613342285,0.30569106340408325,6.729378700256348,1.7217572927474976,6.729378700256348,0.3188745677471161,174
5.0614013671875,1.4915775060653687,5.0614013671875,0.29471543431282043,7.1826982498168945,1.7674537897109985,7.1826982498168945,0.3094958961009979,175
4.411909103393555,1.3906440734863281,4.411909103393555,0.3231707215309143,6.87275505065918,1.79494047164917,6.87275505065918,0.20750293135643005,176
4.362320899963379,1.380812406539917,4.362320899963379,0.30447155237197876,6.982883930206299,1.7600082159042358,6.982883930206299,0.32121923565864563,177
4.802361965179443,1.4530243873596191,4.802361965179443,0.30894309282302856,7.236563205718994,1.7906485795974731,7.236563205718994,0.3059788942337036,178
4.751796722412109,1.4380608797073364,4.751796722412109,0.3020325303077698,6.878035068511963,1.7128534317016602,6.878035068511963,0.3259085714817047,179
4.585816860198975,1.4102668762207031,4.585816860198975,0.3166666626930237,6.7785468101501465,1.7202799320220947,6.7785468101501465,0.3270809054374695,180
4.6064629554748535,1.4277487993240356,4.6064629554748535,0.3178861737251282,6.906905651092529,1.7424718141555786,6.906906604766846,0.3153575658798218,181
4.670688629150391,1.4333288669586182,4.670688629150391,0.29840001463890076,6.958016872406006,1.7590194940567017,6.958016872406006,0.3270809054374695,182
4.416870594024658,1.3948237895965576,4.416870594024658,0.31016260385513306,7.514355182647705,1.815258502960205,7.514355182647705,0.30832356214523315,183
5.1279377937316895,1.4696714878082275,5.1279377937316895,0.3142276406288147,6.96742582321167,1.7562741041183472,6.96742582321167,0.3153575658798218,184
4.513421058654785,1.4019250869750977,4.513421058654785,0.31382113695144653,7.329472064971924,1.7445610761642456,7.329472064971924,0.32825320959091187,185
4.918240547180176,1.4754557609558105,4.918240547180176,0.29471543431282043,7.000747203826904,1.830499291419983,7.000747203826904,0.24853459000587463,186
5.034623146057129,1.4342677593231201,5.034623146057129,0.319918692111969,8.053304672241211,1.9354057312011719,8.053304672241211,0.20046892762184143,187
4.176661491394043,1.3613351583480835,4.176661491394043,0.319918692111969,7.1475348472595215,1.7758091688156128,7.1475348472595215,0.32004690170288086,188
5.68480110168457,1.5029605627059937,5.68480110168457,0.31707316637039185,7.108972072601318,1.8219629526138306,7.108972072601318,0.20750293135643005,189
4.559010982513428,1.4337667226791382,4.559010982513428,0.3052845597267151,7.0362138748168945,1.7915986776351929,7.0362138748168945,0.3071512281894684,190
4.589225769042969,1.4233494997024536,4.589225769042969,0.31463414430618286,6.927551746368408,1.7087799310684204,6.927551746368408,0.33294254541397095,191
4.656078815460205,1.4028003215789795,4.656078815460205,0.3154471516609192,7.048171043395996,1.800925374031067,7.048171043395996,0.28839391469955444,192
4.7732343673706055,1.4491915702819824,4.7732343673706055,0.3004065155982971,7.6601080894470215,1.8261569738388062,7.6601080894470215,0.2942555546760559,193
4.87327241897583,1.4606043100357056,4.87327241897583,0.2995935082435608,6.804462432861328,1.7191721200942993,6.804462432861328,0.32473623752593994,194
4.58738899230957,1.4391602277755737,4.58738899230957,0.32276421785354614,7.84661340713501,1.846179485321045,7.84661340713501,0.3177022337913513,195
4.809836387634277,1.4304858446121216,4.809836387634277,0.30934959650039673,6.8541154861450195,1.7075282335281372,6.8541154861450195,0.3223915696144104,196
4.376823902130127,1.3877575397491455,4.376823902130127,0.3105691075325012,6.775568008422852,1.6845424175262451,6.775568008422852,0.32356390357017517,197
4.88869571685791,1.459423542022705,4.88869571685791,0.2995935082435608,6.888482570648193,1.7240594625473022,6.888482570648193,0.32825320959091187,198
4.2865681648254395,1.3676363229751587,4.2865681648254395,0.3085365891456604,7.0896315574646,1.7537569999694824,7.0896315574646,0.3317702114582062,199
